,idx,idm,errors
0,0,74382,0.0
1,1,74307,9.5367431640625e-07
2,2,74171,0.0
3,3,74445,4.76837158203125e-07
4,4,74443,4.76837158203125e-07
5,5,74514,0.0
