,idx,idm,errors
0,0,114997,4.76837158203125e-07
1,1,114998,4.76837158203125e-07
2,2,114999,4.76837158203125e-07
3,3,115000,0.0
4,4,115001,0.0
5,5,115002,4.76837158203125e-07
6,6,115003,0.0
7,7,115004,0.0
8,8,115005,9.5367431640625e-07
9,9,115006,4.76837158203125e-07
10,10,115007,4.76837158203125e-07
11,11,115009,0.0
12,12,115030,4.76837158203125e-07
13,13,115031,4.76837158203125e-07
14,14,115033,0.0
15,15,115034,0.0
16,16,115082,4.76837158203125e-07
17,17,115085,0.0
18,18,115123,0.0
